Service_Type_SLA_ID,Service_Type_ID,SLA_ID,Target_Override,Display_Order
STSLA-00001,ST-COP-001-01-01,SLA-001,,1
STSLA-00002,ST-COP-001-01-01,SLA-002,,2
STSLA-00003,ST-COP-001-01-02,SLA-001,,1
STSLA-00004,ST-COP-001-01-02,SLA-002,,2
STSLA-00005,ST-COP-002-01-01,SLA-001,,1
STSLA-00006,ST-COP-002-01-01,SLA-002,,2
STSLA-00007,ST-COP-002-01-02,SLA-001,,1
STSLA-00008,ST-COP-002-01-02,SLA-002,,2
STSLA-00009,ST-COP-002-01-03,SLA-001,,1
STSLA-00010,ST-COP-002-01-03,SLA-002,,2
STSLA-00011,ST-COP-002-01-04,SLA-001,,1
STSLA-00012,ST-COP-002-01-04,SLA-002,,2
STSLA-00013,ST-COP-003-01-01,SLA-001,,1
STSLA-00014,ST-COP-003-01-01,SLA-002,,2
STSLA-00015,ST-COP-003-01-02,SLA-001,,1
STSLA-00016,ST-COP-003-01-02,SLA-002,,2
STSLA-00017,ST-COP-003-01-03,SLA-001,,1
STSLA-00018,ST-COP-003-01-03,SLA-002,,2
STSLA-00019,ST-COP-003-01-04,SLA-001,,1
STSLA-00020,ST-COP-003-01-04,SLA-002,,2
STSLA-00021,ST-COP-003-01-05,SLA-001,,1
STSLA-00022,ST-COP-003-01-05,SLA-002,,2
STSLA-00023,ST-COP-003-01-06,SLA-001,,1
STSLA-00024,ST-COP-003-01-06,SLA-002,,2
STSLA-00025,ST-COP-004-01-01,SLA-001,,1
STSLA-00026,ST-COP-004-01-01,SLA-002,,2
STSLA-00027,ST-COP-004-01-02,SLA-001,,1
STSLA-00028,ST-COP-004-01-02,SLA-002,,2
STSLA-00029,ST-COP-004-01-03,SLA-001,,1
STSLA-00030,ST-COP-004-01-03,SLA-002,,2
STSLA-00031,ST-COP-004-01-04,SLA-001,,1
STSLA-00032,ST-COP-004-01-04,SLA-002,,2
STSLA-00033,ST-COP-004-01-05,SLA-001,,1
STSLA-00034,ST-COP-004-01-05,SLA-002,,2
STSLA-00035,ST-COP-004-01-06,SLA-001,,1
STSLA-00036,ST-COP-004-01-06,SLA-002,,2
STSLA-00037,ST-COP-004-01-07,SLA-001,,1
STSLA-00038,ST-COP-004-01-07,SLA-002,,2
STSLA-00039,ST-CO-001-01-01,SLA-001,,1
STSLA-00040,ST-CO-001-01-01,SLA-002,,2
STSLA-00041,ST-CO-001-01-02,SLA-001,,1
STSLA-00042,ST-CO-001-01-02,SLA-002,,2
STSLA-00043,ST-CO-001-01-03,SLA-001,,1
STSLA-00044,ST-CO-001-01-03,SLA-002,,2
STSLA-00045,ST-CO-002-01-01,SLA-001,,1
STSLA-00046,ST-CO-002-01-01,SLA-002,,2
STSLA-00047,ST-CO-002-01-02,SLA-001,,1
STSLA-00048,ST-CO-002-01-02,SLA-002,,2
STSLA-00049,ST-CO-002-01-03,SLA-001,,1
STSLA-00050,ST-CO-002-01-03,SLA-002,,2
STSLA-00051,ST-CO-002-01-04,SLA-001,,1
STSLA-00052,ST-CO-002-01-04,SLA-002,,2
STSLA-00053,ST-CO-002-01-05,SLA-001,,1
STSLA-00054,ST-CO-002-01-05,SLA-002,,2
STSLA-00055,ST-CO-003-01-01,SLA-001,,1
STSLA-00056,ST-CO-003-01-01,SLA-002,,2
STSLA-00057,ST-CO-003-01-02,SLA-001,,1
STSLA-00058,ST-CO-003-01-02,SLA-002,,2
STSLA-00059,ST-CO-004-01-01,SLA-001,,1
STSLA-00060,ST-CO-004-01-01,SLA-002,,2
STSLA-00061,ST-CO-004-01-02,SLA-001,,1
STSLA-00062,ST-CO-004-01-02,SLA-002,,2
STSLA-00063,ST-CO-004-01-03,SLA-001,,1
STSLA-00064,ST-CO-004-01-03,SLA-002,,2
STSLA-00065,ST-CO-004-01-04,SLA-001,,1
STSLA-00066,ST-CO-004-01-04,SLA-002,,2
STSLA-00067,ST-CO-004-01-05,SLA-001,,1
STSLA-00068,ST-CO-004-01-05,SLA-002,,2
STSLA-00069,ST-CO-004-01-06,SLA-001,,1
STSLA-00070,ST-CO-004-01-06,SLA-002,,2
STSLA-00071,ST-CO-004-01-07,SLA-001,,1
STSLA-00072,ST-CO-004-01-07,SLA-002,,2
STSLA-00073,ST-CO-004-01-08,SLA-001,,1
STSLA-00074,ST-CO-004-01-08,SLA-002,,2
STSLA-00075,ST-CO-004-01-09,SLA-001,,1
STSLA-00076,ST-CO-004-01-09,SLA-002,,2
STSLA-00077,ST-CO-004-01-10,SLA-001,,1
STSLA-00078,ST-CO-004-01-10,SLA-002,,2
STSLA-00079,ST-CO-004-01-11,SLA-001,,1
STSLA-00080,ST-CO-004-01-11,SLA-002,,2
STSLA-00081,ST-CO-005-01-01,SLA-001,,1
STSLA-00082,ST-CO-005-01-01,SLA-002,,2
STSLA-00083,ST-CO-005-01-02,SLA-001,,1
STSLA-00084,ST-CO-005-01-02,SLA-002,,2
STSLA-00085,ST-CO-005-01-03,SLA-001,,1
STSLA-00086,ST-CO-005-01-03,SLA-002,,2
STSLA-00087,ST-CO-005-01-04,SLA-001,,1
STSLA-00088,ST-CO-005-01-04,SLA-002,,2
STSLA-00089,ST-CO-005-01-05,SLA-001,,1
STSLA-00090,ST-CO-005-01-05,SLA-002,,2
STSLA-00091,ST-CO-005-01-06,SLA-001,,1
STSLA-00092,ST-CO-005-01-06,SLA-002,,2
STSLA-00093,ST-CO-005-01-07,SLA-001,,1
STSLA-00094,ST-CO-005-01-07,SLA-002,,2
STSLA-00095,ST-CO-006-01-01,SLA-001,,1
STSLA-00096,ST-CO-006-01-01,SLA-002,,2
STSLA-00097,ST-CO-006-01-02,SLA-001,,1
STSLA-00098,ST-CO-006-01-02,SLA-002,,2
STSLA-00099,ST-CO-006-01-03,SLA-001,,1
STSLA-00100,ST-CO-006-01-03,SLA-002,,2
STSLA-00101,ST-CO-006-01-04,SLA-001,,1
STSLA-00102,ST-CO-006-01-04,SLA-002,,2
STSLA-00103,ST-CO-006-01-05,SLA-001,,1
STSLA-00104,ST-CO-006-01-05,SLA-002,,2
STSLA-00105,ST-CO-006-01-06,SLA-001,,1
STSLA-00106,ST-CO-006-01-06,SLA-002,,2
STSLA-00107,ST-CO-006-01-07,SLA-001,,1
STSLA-00108,ST-CO-006-01-07,SLA-002,,2
STSLA-00109,ST-CO-007-01-01,SLA-001,,1
STSLA-00110,ST-CO-007-01-01,SLA-002,,2
STSLA-00111,ST-CO-007-01-02,SLA-001,,1
STSLA-00112,ST-CO-007-01-02,SLA-002,,2
STSLA-00113,ST-CO-007-01-03,SLA-001,,1
STSLA-00114,ST-CO-007-01-03,SLA-002,,2
STSLA-00115,ST-CO-007-01-04,SLA-001,,1
STSLA-00116,ST-CO-007-01-04,SLA-002,,2
STSLA-00117,ST-CO-007-01-05,SLA-001,,1
STSLA-00118,ST-CO-007-01-05,SLA-002,,2
STSLA-00119,ST-CO-007-01-06,SLA-001,,1
STSLA-00120,ST-CO-007-01-06,SLA-002,,2
STSLA-00121,ST-CO-007-01-07,SLA-001,,1
STSLA-00122,ST-CO-007-01-07,SLA-002,,2
STSLA-00123,ST-CO-007-01-08,SLA-001,,1
STSLA-00124,ST-CO-007-01-08,SLA-002,,2
STSLA-00125,ST-CO-008-01-01,SLA-001,,1
STSLA-00126,ST-CO-008-01-01,SLA-002,,2
STSLA-00127,ST-CO-008-01-02,SLA-001,,1
STSLA-00128,ST-CO-008-01-02,SLA-002,,2
STSLA-00129,ST-CO-008-01-03,SLA-001,,1
STSLA-00130,ST-CO-008-01-03,SLA-002,,2
STSLA-00131,ST-CO-008-01-04,SLA-001,,1
STSLA-00132,ST-CO-008-01-04,SLA-002,,2
STSLA-00133,ST-CO-008-01-05,SLA-001,,1
STSLA-00134,ST-CO-008-01-05,SLA-002,,2
STSLA-00135,ST-AI-001-01-01,SLA-001,,1
STSLA-00136,ST-AI-001-01-01,SLA-002,,2
STSLA-00137,ST-AI-001-01-02,SLA-001,,1
STSLA-00138,ST-AI-001-01-02,SLA-002,,2
STSLA-00139,ST-AI-002-01-01,SLA-001,,1
STSLA-00140,ST-AI-002-01-01,SLA-002,,2
STSLA-00141,ST-AI-002-01-02,SLA-001,,1
STSLA-00142,ST-AI-002-01-02,SLA-002,,2
STSLA-00143,ST-AI-002-01-03,SLA-001,,1
STSLA-00144,ST-AI-002-01-03,SLA-002,,2
STSLA-00145,ST-AI-002-01-04,SLA-001,,1
STSLA-00146,ST-AI-002-01-04,SLA-002,,2
STSLA-00147,ST-AI-003-01-01,SLA-001,,1
STSLA-00148,ST-AI-003-01-01,SLA-002,,2
STSLA-00149,ST-AI-003-01-02,SLA-001,,1
STSLA-00150,ST-AI-003-01-02,SLA-002,,2
STSLA-00151,ST-AI-004-01-01,SLA-001,,1
STSLA-00152,ST-AI-004-01-01,SLA-002,,2
STSLA-00153,ST-AI-004-01-02,SLA-001,,1
STSLA-00154,ST-AI-004-01-02,SLA-002,,2
STSLA-00155,ST-ENG-001-01-01,SLA-001,,1
STSLA-00156,ST-ENG-001-01-01,SLA-002,,2
STSLA-00157,ST-ENG-001-01-02,SLA-001,,1
STSLA-00158,ST-ENG-001-01-02,SLA-002,,2
STSLA-00159,ST-ENG-001-01-03,SLA-001,,1
STSLA-00160,ST-ENG-001-01-03,SLA-002,,2
STSLA-00161,ST-ENG-001-01-04,SLA-001,,1
STSLA-00162,ST-ENG-001-01-04,SLA-002,,2
STSLA-00163,ST-ENG-001-01-05,SLA-001,,1
STSLA-00164,ST-ENG-001-01-05,SLA-002,,2
STSLA-00165,ST-ENG-001-01-06,SLA-001,,1
STSLA-00166,ST-ENG-001-01-06,SLA-002,,2
STSLA-00167,ST-ENG-002-01-01,SLA-001,,1
STSLA-00168,ST-ENG-002-01-01,SLA-002,,2
STSLA-00169,ST-ENG-002-01-02,SLA-001,,1
STSLA-00170,ST-ENG-002-01-02,SLA-002,,2
STSLA-00171,ST-ENG-002-01-03,SLA-001,,1
STSLA-00172,ST-ENG-002-01-03,SLA-002,,2
STSLA-00173,ST-ENG-002-01-04,SLA-001,,1
STSLA-00174,ST-ENG-002-01-04,SLA-002,,2
STSLA-00175,ST-ENG-002-01-05,SLA-001,,1
STSLA-00176,ST-ENG-002-01-05,SLA-002,,2
STSLA-00177,ST-ENG-002-01-06,SLA-001,,1
STSLA-00178,ST-ENG-002-01-06,SLA-002,,2
STSLA-00179,ST-ENG-002-01-07,SLA-001,,1
STSLA-00180,ST-ENG-002-01-07,SLA-002,,2
STSLA-00181,ST-ENG-003-01-01,SLA-001,,1
STSLA-00182,ST-ENG-003-01-01,SLA-002,,2
STSLA-00183,ST-ENG-003-01-02,SLA-001,,1
STSLA-00184,ST-ENG-003-01-02,SLA-002,,2
STSLA-00185,ST-ENG-003-01-03,SLA-001,,1
STSLA-00186,ST-ENG-003-01-03,SLA-002,,2
STSLA-00187,ST-ENG-003-01-04,SLA-001,,1
STSLA-00188,ST-ENG-003-01-04,SLA-002,,2
STSLA-00189,ST-ENG-003-01-05,SLA-001,,1
STSLA-00190,ST-ENG-003-01-05,SLA-002,,2
STSLA-00191,ST-ENG-003-01-06,SLA-001,,1
STSLA-00192,ST-ENG-003-01-06,SLA-002,,2
STSLA-00193,ST-ENG-003-01-07,SLA-001,,1
STSLA-00194,ST-ENG-003-01-07,SLA-002,,2
STSLA-00195,ST-ENG-004-01-01,SLA-001,,1
STSLA-00196,ST-ENG-004-01-01,SLA-002,,2
STSLA-00197,ST-ENG-004-01-02,SLA-001,,1
STSLA-00198,ST-ENG-004-01-02,SLA-002,,2
STSLA-00199,ST-ENG-005-01-01,SLA-001,,1
STSLA-00200,ST-ENG-005-01-01,SLA-002,,2
STSLA-00201,ST-ENG-005-01-02,SLA-001,,1
STSLA-00202,ST-ENG-005-01-02,SLA-002,,2
STSLA-00203,ST-ENG-005-01-03,SLA-001,,1
STSLA-00204,ST-ENG-005-01-03,SLA-002,,2
STSLA-00205,ST-ENG-005-01-04,SLA-001,,1
STSLA-00206,ST-ENG-005-01-04,SLA-002,,2
STSLA-00207,ST-ENG-005-01-05,SLA-001,,1
STSLA-00208,ST-ENG-005-01-05,SLA-002,,2
STSLA-00209,ST-ENG-005-01-06,SLA-001,,1
STSLA-00210,ST-ENG-005-01-06,SLA-002,,2
STSLA-00211,ST-ENG-006-01-01,SLA-001,,1
STSLA-00212,ST-ENG-006-01-01,SLA-002,,2
STSLA-00213,ST-ENG-006-01-02,SLA-001,,1
STSLA-00214,ST-ENG-006-01-02,SLA-002,,2
STSLA-00215,ST-ENG-006-01-03,SLA-001,,1
STSLA-00216,ST-ENG-006-01-03,SLA-002,,2
STSLA-00217,ST-ENG-006-01-04,SLA-001,,1
STSLA-00218,ST-ENG-006-01-04,SLA-002,,2
STSLA-00219,ST-ENG-006-01-05,SLA-001,,1
STSLA-00220,ST-ENG-006-01-05,SLA-002,,2
STSLA-00221,ST-ENG-006-01-06,SLA-001,,1
STSLA-00222,ST-ENG-006-01-06,SLA-002,,2
STSLA-00223,ST-ENG-006-01-07,SLA-001,,1
STSLA-00224,ST-ENG-006-01-07,SLA-002,,2
STSLA-00225,ST-ENG-006-01-08,SLA-001,,1
STSLA-00226,ST-ENG-006-01-08,SLA-002,,2
STSLA-00227,ST-ENG-007-01-01,SLA-001,,1
STSLA-00228,ST-ENG-007-01-01,SLA-002,,2
STSLA-00229,ST-ENG-007-01-02,SLA-001,,1
STSLA-00230,ST-ENG-007-01-02,SLA-002,,2
STSLA-00231,ST-FR-001-01-01,SLA-001,,1
STSLA-00232,ST-FR-001-01-01,SLA-002,,2
STSLA-00233,ST-FR-001-01-02,SLA-001,,1
STSLA-00234,ST-FR-001-01-02,SLA-002,,2
STSLA-00235,ST-FR-002-01-01,SLA-001,,1
STSLA-00236,ST-FR-002-01-01,SLA-002,,2
STSLA-00237,ST-FR-002-01-02,SLA-001,,1
STSLA-00238,ST-FR-002-01-02,SLA-002,,2
STSLA-00239,ST-FR-002-01-03,SLA-001,,1
STSLA-00240,ST-FR-002-01-03,SLA-002,,2
STSLA-00241,ST-FR-002-01-04,SLA-001,,1
STSLA-00242,ST-FR-002-01-04,SLA-002,,2
STSLA-00243,ST-FR-003-01-01,SLA-001,,1
STSLA-00244,ST-FR-003-01-01,SLA-002,,2
STSLA-00245,ST-FR-003-01-02,SLA-001,,1
STSLA-00246,ST-FR-003-01-02,SLA-002,,2
STSLA-00247,ST-FR-003-01-03,SLA-001,,1
STSLA-00248,ST-FR-003-01-03,SLA-002,,2
STSLA-00249,ST-FR-004-01-01,SLA-001,,1
STSLA-00250,ST-FR-004-01-01,SLA-002,,2
STSLA-00251,ST-FR-004-01-02,SLA-001,,1
STSLA-00252,ST-FR-004-01-02,SLA-002,,2
STSLA-00253,ST-FR-005-01-01,SLA-001,,1
STSLA-00254,ST-FR-005-01-01,SLA-002,,2
STSLA-00255,ST-FR-005-01-02,SLA-001,,1
STSLA-00256,ST-FR-005-01-02,SLA-002,,2
STSLA-00257,ST-FR-006-01-01,SLA-001,,1
STSLA-00258,ST-FR-006-01-01,SLA-002,,2
STSLA-00259,ST-FR-006-01-02,SLA-001,,1
STSLA-00260,ST-FR-006-01-02,SLA-002,,2
STSLA-00261,ST-FR-006-01-03,SLA-001,,1
STSLA-00262,ST-FR-006-01-03,SLA-002,,2
STSLA-00263,ST-FR-006-01-04,SLA-001,,1
STSLA-00264,ST-FR-006-01-04,SLA-002,,2
STSLA-00265,ST-FR-006-01-05,SLA-001,,1
STSLA-00266,ST-FR-006-01-05,SLA-002,,2
STSLA-00267,ST-FR-007-01-01,SLA-001,,1
STSLA-00268,ST-FR-007-01-01,SLA-002,,2
STSLA-00269,ST-FR-007-01-02,SLA-001,,1
STSLA-00270,ST-FR-007-01-02,SLA-002,,2
STSLA-00271,ST-FR-007-01-03,SLA-001,,1
STSLA-00272,ST-FR-007-01-03,SLA-002,,2
STSLA-00273,ST-FR-007-01-04,SLA-001,,1
STSLA-00274,ST-FR-007-01-04,SLA-002,,2
STSLA-00275,ST-FR-007-01-05,SLA-001,,1
STSLA-00276,ST-FR-007-01-05,SLA-002,,2
STSLA-00277,ST-FR-008-01-01,SLA-001,,1
STSLA-00278,ST-FR-008-01-01,SLA-002,,2
STSLA-00279,ST-FR-008-01-02,SLA-001,,1
STSLA-00280,ST-FR-008-01-02,SLA-002,,2
STSLA-00281,ST-FR-008-01-03,SLA-001,,1
STSLA-00282,ST-FR-008-01-03,SLA-002,,2
STSLA-00283,ST-FR-008-01-04,SLA-001,,1
STSLA-00284,ST-FR-008-01-04,SLA-002,,2
STSLA-00285,ST-FR-008-01-05,SLA-001,,1
STSLA-00286,ST-FR-008-01-05,SLA-002,,2
STSLA-00287,ST-FR-009-01-01,SLA-001,,1
STSLA-00288,ST-FR-009-01-01,SLA-002,,2
STSLA-00289,ST-FR-009-01-02,SLA-001,,1
STSLA-00290,ST-FR-009-01-02,SLA-002,,2
STSLA-00291,ST-FR-009-01-03,SLA-001,,1
STSLA-00292,ST-FR-009-01-03,SLA-002,,2
STSLA-00293,ST-FR-009-01-04,SLA-001,,1
STSLA-00294,ST-FR-009-01-04,SLA-002,,2
STSLA-00295,ST-FR-009-01-05,SLA-001,,1
STSLA-00296,ST-FR-009-01-05,SLA-002,,2
STSLA-00297,ST-FR-009-01-06,SLA-001,,1
STSLA-00298,ST-FR-009-01-06,SLA-002,,2
STSLA-00299,ST-FR-010-01-01,SLA-001,,1
STSLA-00300,ST-FR-010-01-01,SLA-002,,2
STSLA-00301,ST-FR-010-01-02,SLA-001,,1
STSLA-00302,ST-FR-010-01-02,SLA-002,,2
STSLA-00303,ST-FR-010-01-03,SLA-001,,1
STSLA-00304,ST-FR-010-01-03,SLA-002,,2
STSLA-00305,ST-FR-010-01-04,SLA-001,,1
STSLA-00306,ST-FR-010-01-04,SLA-002,,2
STSLA-00307,ST-FR-010-01-05,SLA-001,,1
STSLA-00308,ST-FR-010-01-05,SLA-002,,2
STSLA-00309,ST-FR-010-01-06,SLA-001,,1
STSLA-00310,ST-FR-010-01-06,SLA-002,,2
STSLA-00311,ST-FR-010-01-07,SLA-001,,1
STSLA-00312,ST-FR-010-01-07,SLA-002,,2
STSLA-00313,ST-FA-001-01-01,SLA-001,,1
STSLA-00314,ST-FA-001-01-01,SLA-002,,2
STSLA-00315,ST-FA-001-01-02,SLA-001,,1
STSLA-00316,ST-FA-001-01-02,SLA-002,,2
STSLA-00317,ST-FA-002-01-01,SLA-001,,1
STSLA-00318,ST-FA-002-01-01,SLA-002,,2
STSLA-00319,ST-FA-002-01-02,SLA-001,,1
STSLA-00320,ST-FA-002-01-02,SLA-002,,2
STSLA-00321,ST-FA-003-01-01,SLA-001,,1
STSLA-00322,ST-FA-003-01-01,SLA-002,,2
STSLA-00323,ST-FA-003-01-02,SLA-001,,1
STSLA-00324,ST-FA-003-01-02,SLA-002,,2
STSLA-00325,ST-FA-004-01-01,SLA-001,,1
STSLA-00326,ST-FA-004-01-01,SLA-002,,2
STSLA-00327,ST-FA-004-01-02,SLA-001,,1
STSLA-00328,ST-FA-004-01-02,SLA-002,,2
STSLA-00329,ST-FA-005-01-01,SLA-001,,1
STSLA-00330,ST-FA-005-01-01,SLA-002,,2
STSLA-00331,ST-FA-005-01-02,SLA-001,,1
STSLA-00332,ST-FA-005-01-02,SLA-002,,2
STSLA-00333,ST-FA-006-01-01,SLA-001,,1
STSLA-00334,ST-FA-006-01-01,SLA-002,,2
STSLA-00335,ST-FA-006-01-02,SLA-001,,1
STSLA-00336,ST-FA-006-01-02,SLA-002,,2
STSLA-00337,ST-FA-007-01-01,SLA-001,,1
STSLA-00338,ST-FA-007-01-01,SLA-002,,2
STSLA-00339,ST-FA-007-01-02,SLA-001,,1
STSLA-00340,ST-FA-007-01-02,SLA-002,,2
STSLA-00341,ST-FA-008-01-01,SLA-001,,1
STSLA-00342,ST-FA-008-01-01,SLA-002,,2
STSLA-00343,ST-FA-008-01-02,SLA-001,,1
STSLA-00344,ST-FA-008-01-02,SLA-002,,2
STSLA-00345,ST-FA-009-01-01,SLA-001,,1
STSLA-00346,ST-FA-009-01-01,SLA-002,,2
STSLA-00347,ST-FA-009-01-02,SLA-001,,1
STSLA-00348,ST-FA-009-01-02,SLA-002,,2
STSLA-00349,ST-FA-009-01-03,SLA-001,,1
STSLA-00350,ST-FA-009-01-03,SLA-002,,2
STSLA-00351,ST-FA-009-01-04,SLA-001,,1
STSLA-00352,ST-FA-009-01-04,SLA-002,,2
STSLA-00353,ST-FA-009-01-05,SLA-001,,1
STSLA-00354,ST-FA-009-01-05,SLA-002,,2
STSLA-00355,ST-FA-009-01-06,SLA-001,,1
STSLA-00356,ST-FA-009-01-06,SLA-002,,2
STSLA-00357,ST-FA-009-01-07,SLA-001,,1
STSLA-00358,ST-FA-009-01-07,SLA-002,,2
STSLA-00359,ST-FA-009-01-08,SLA-001,,1
STSLA-00360,ST-FA-009-01-08,SLA-002,,2
STSLA-00361,ST-FA-010-01-01,SLA-001,,1
STSLA-00362,ST-FA-010-01-01,SLA-002,,2
STSLA-00363,ST-FA-010-01-02,SLA-001,,1
STSLA-00364,ST-FA-010-01-02,SLA-002,,2
STSLA-00365,ST-FA-011-01-01,SLA-001,,1
STSLA-00366,ST-FA-011-01-01,SLA-002,,2
STSLA-00367,ST-FA-011-01-02,SLA-001,,1
STSLA-00368,ST-FA-011-01-02,SLA-002,,2
STSLA-00369,ST-FA-011-01-03,SLA-001,,1
STSLA-00370,ST-FA-011-01-03,SLA-002,,2
STSLA-00371,ST-FA-011-01-04,SLA-001,,1
STSLA-00372,ST-FA-011-01-04,SLA-002,,2
STSLA-00373,ST-FA-012-01-01,SLA-001,,1
STSLA-00374,ST-FA-012-01-01,SLA-002,,2
STSLA-00375,ST-FA-012-01-02,SLA-001,,1
STSLA-00376,ST-FA-012-01-02,SLA-002,,2
STSLA-00377,ST-FA-012-01-03,SLA-001,,1
STSLA-00378,ST-FA-012-01-03,SLA-002,,2
STSLA-00379,ST-FA-012-01-04,SLA-001,,1
STSLA-00380,ST-FA-012-01-04,SLA-002,,2
STSLA-00381,ST-FA-012-01-05,SLA-001,,1
STSLA-00382,ST-FA-012-01-05,SLA-002,,2
STSLA-00383,ST-HR-001-01-01,SLA-001,,1
STSLA-00384,ST-HR-001-01-01,SLA-002,,2
STSLA-00385,ST-HR-001-01-02,SLA-001,,1
STSLA-00386,ST-HR-001-01-02,SLA-002,,2
STSLA-00387,ST-HR-002-01-01,SLA-001,,1
STSLA-00388,ST-HR-002-01-01,SLA-002,,2
STSLA-00389,ST-HR-002-01-02,SLA-001,,1
STSLA-00390,ST-HR-002-01-02,SLA-002,,2
STSLA-00391,ST-HR-003-01-01,SLA-001,,1
STSLA-00392,ST-HR-003-01-01,SLA-002,,2
STSLA-00393,ST-HR-003-01-02,SLA-001,,1
STSLA-00394,ST-HR-003-01-02,SLA-002,,2
STSLA-00395,ST-HR-004-01-01,SLA-001,,1
STSLA-00396,ST-HR-004-01-01,SLA-002,,2
STSLA-00397,ST-HR-004-01-02,SLA-001,,1
STSLA-00398,ST-HR-004-01-02,SLA-002,,2
STSLA-00399,ST-HR-004-01-03,SLA-001,,1
STSLA-00400,ST-HR-004-01-03,SLA-002,,2
STSLA-00401,ST-IT-001-01-01,SLA-001,,1
STSLA-00402,ST-IT-001-01-01,SLA-002,,2
STSLA-00403,ST-IT-001-01-02,SLA-001,,1
STSLA-00404,ST-IT-001-01-02,SLA-002,,2
STSLA-00405,ST-IT-001-01-03,SLA-001,,1
STSLA-00406,ST-IT-001-01-03,SLA-002,,2
STSLA-00407,ST-IT-001-01-04,SLA-001,,1
STSLA-00408,ST-IT-001-01-04,SLA-002,,2
STSLA-00409,ST-IT-001-01-05,SLA-001,,1
STSLA-00410,ST-IT-001-01-05,SLA-002,,2
STSLA-00411,ST-IT-001-01-06,SLA-001,,1
STSLA-00412,ST-IT-001-01-06,SLA-002,,2
STSLA-00413,ST-IT-001-01-07,SLA-001,,1
STSLA-00414,ST-IT-001-01-07,SLA-002,,2
STSLA-00415,ST-IT-001-01-08,SLA-001,,1
STSLA-00416,ST-IT-001-01-08,SLA-002,,2
STSLA-00417,ST-IT-002-01-01,SLA-001,,1
STSLA-00418,ST-IT-002-01-01,SLA-002,,2
STSLA-00419,ST-IT-002-01-02,SLA-001,,1
STSLA-00420,ST-IT-002-01-02,SLA-002,,2
STSLA-00421,ST-IT-002-01-03,SLA-001,,1
STSLA-00422,ST-IT-002-01-03,SLA-002,,2
STSLA-00423,ST-IT-002-01-04,SLA-001,,1
STSLA-00424,ST-IT-002-01-04,SLA-002,,2
STSLA-00425,ST-IT-002-01-05,SLA-001,,1
STSLA-00426,ST-IT-002-01-05,SLA-002,,2
STSLA-00427,ST-IT-002-01-06,SLA-001,,1
STSLA-00428,ST-IT-002-01-06,SLA-002,,2
STSLA-00429,ST-IT-002-01-07,SLA-001,,1
STSLA-00430,ST-IT-002-01-07,SLA-002,,2
STSLA-00431,ST-IT-002-01-08,SLA-001,,1
STSLA-00432,ST-IT-002-01-08,SLA-002,,2
STSLA-00433,ST-IT-002-01-09,SLA-001,,1
STSLA-00434,ST-IT-002-01-09,SLA-002,,2
STSLA-00435,ST-IT-002-01-10,SLA-001,,1
STSLA-00436,ST-IT-002-01-10,SLA-002,,2
STSLA-00437,ST-IT-003-01-01,SLA-001,,1
STSLA-00438,ST-IT-003-01-01,SLA-002,,2
STSLA-00439,ST-IT-003-01-02,SLA-001,,1
STSLA-00440,ST-IT-003-01-02,SLA-002,,2
STSLA-00441,ST-IT-003-01-03,SLA-001,,1
STSLA-00442,ST-IT-003-01-03,SLA-002,,2
STSLA-00443,ST-IT-003-01-04,SLA-001,,1
STSLA-00444,ST-IT-003-01-04,SLA-002,,2
STSLA-00445,ST-IT-003-01-05,SLA-001,,1
STSLA-00446,ST-IT-003-01-05,SLA-002,,2
STSLA-00447,ST-IT-003-01-06,SLA-001,,1
STSLA-00448,ST-IT-003-01-06,SLA-002,,2
STSLA-00449,ST-IT-003-01-07,SLA-001,,1
STSLA-00450,ST-IT-003-01-07,SLA-002,,2
STSLA-00451,ST-IT-004-01-01,SLA-001,,1
STSLA-00452,ST-IT-004-01-01,SLA-002,,2
STSLA-00453,ST-IT-004-01-02,SLA-001,,1
STSLA-00454,ST-IT-004-01-02,SLA-002,,2
STSLA-00455,ST-IT-004-01-03,SLA-001,,1
STSLA-00456,ST-IT-004-01-03,SLA-002,,2
STSLA-00457,ST-IT-004-01-04,SLA-001,,1
STSLA-00458,ST-IT-004-01-04,SLA-002,,2
STSLA-00459,ST-IT-004-01-05,SLA-001,,1
STSLA-00460,ST-IT-004-01-05,SLA-002,,2
STSLA-00461,ST-IT-004-01-06,SLA-001,,1
STSLA-00462,ST-IT-004-01-06,SLA-002,,2
STSLA-00463,ST-IT-005-01-01,SLA-001,,1
STSLA-00464,ST-IT-005-01-01,SLA-002,,2
STSLA-00465,ST-IT-005-01-02,SLA-001,,1
STSLA-00466,ST-IT-005-01-02,SLA-002,,2
STSLA-00467,ST-IT-005-01-03,SLA-001,,1
STSLA-00468,ST-IT-005-01-03,SLA-002,,2
STSLA-00469,ST-IT-005-01-04,SLA-001,,1
STSLA-00470,ST-IT-005-01-04,SLA-002,,2
STSLA-00471,ST-IT-005-01-05,SLA-001,,1
STSLA-00472,ST-IT-005-01-05,SLA-002,,2
STSLA-00473,ST-IT-005-01-06,SLA-001,,1
STSLA-00474,ST-IT-005-01-06,SLA-002,,2
STSLA-00475,ST-IT-005-01-07,SLA-001,,1
STSLA-00476,ST-IT-005-01-07,SLA-002,,2
STSLA-00477,ST-IT-005-01-08,SLA-001,,1
STSLA-00478,ST-IT-005-01-08,SLA-002,,2
STSLA-00479,ST-IT-005-01-09,SLA-001,,1
STSLA-00480,ST-IT-005-01-09,SLA-002,,2
STSLA-00481,ST-IT-005-01-10,SLA-001,,1
STSLA-00482,ST-IT-005-01-10,SLA-002,,2
STSLA-00483,ST-IT-006-01-01,SLA-001,,1
STSLA-00484,ST-IT-006-01-01,SLA-002,,2
STSLA-00485,ST-IT-006-01-02,SLA-001,,1
STSLA-00486,ST-IT-006-01-02,SLA-002,,2
STSLA-00487,ST-IT-006-01-03,SLA-001,,1
STSLA-00488,ST-IT-006-01-03,SLA-002,,2
STSLA-00489,ST-IT-006-01-04,SLA-001,,1
STSLA-00490,ST-IT-006-01-04,SLA-002,,2
STSLA-00491,ST-IT-006-01-05,SLA-001,,1
STSLA-00492,ST-IT-006-01-05,SLA-002,,2
STSLA-00493,ST-MK-001-01-01,SLA-001,,1
STSLA-00494,ST-MK-001-01-01,SLA-002,,2
STSLA-00495,ST-MK-001-01-02,SLA-001,,1
STSLA-00496,ST-MK-001-01-02,SLA-002,,2
STSLA-00497,ST-MK-001-01-03,SLA-001,,1
STSLA-00498,ST-MK-001-01-03,SLA-002,,2
STSLA-00499,ST-MK-001-01-04,SLA-001,,1
STSLA-00500,ST-MK-001-01-04,SLA-002,,2
STSLA-00501,ST-MK-002-01-01,SLA-001,,1
STSLA-00502,ST-MK-002-01-01,SLA-002,,2
STSLA-00503,ST-MK-002-01-02,SLA-001,,1
STSLA-00504,ST-MK-002-01-02,SLA-002,,2
STSLA-00505,ST-MK-002-01-03,SLA-001,,1
STSLA-00506,ST-MK-002-01-03,SLA-002,,2
STSLA-00507,ST-MK-002-01-04,SLA-001,,1
STSLA-00508,ST-MK-002-01-04,SLA-002,,2
STSLA-00509,ST-MK-002-01-05,SLA-001,,1
STSLA-00510,ST-MK-002-01-05,SLA-002,,2
STSLA-00511,ST-MK-002-01-06,SLA-001,,1
STSLA-00512,ST-MK-002-01-06,SLA-002,,2
STSLA-00513,ST-MK-002-01-07,SLA-001,,1
STSLA-00514,ST-MK-002-01-07,SLA-002,,2
STSLA-00515,ST-MK-002-01-08,SLA-001,,1
STSLA-00516,ST-MK-002-01-08,SLA-002,,2
STSLA-00517,ST-MK-003-01-01,SLA-001,,1
STSLA-00518,ST-MK-003-01-01,SLA-002,,2
STSLA-00519,ST-MK-003-01-02,SLA-001,,1
STSLA-00520,ST-MK-003-01-02,SLA-002,,2
STSLA-00521,ST-MK-003-01-03,SLA-001,,1
STSLA-00522,ST-MK-003-01-03,SLA-002,,2
STSLA-00523,ST-MK-003-01-04,SLA-001,,1
STSLA-00524,ST-MK-003-01-04,SLA-002,,2
STSLA-00525,ST-MK-003-01-05,SLA-001,,1
STSLA-00526,ST-MK-003-01-05,SLA-002,,2
STSLA-00527,ST-MK-003-01-06,SLA-001,,1
STSLA-00528,ST-MK-003-01-06,SLA-002,,2
STSLA-00529,ST-MK-003-01-07,SLA-001,,1
STSLA-00530,ST-MK-003-01-07,SLA-002,,2
STSLA-00531,ST-MK-004-01-01,SLA-001,,1
STSLA-00532,ST-MK-004-01-01,SLA-002,,2
STSLA-00533,ST-MK-004-01-02,SLA-001,,1
STSLA-00534,ST-MK-004-01-02,SLA-002,,2
STSLA-00535,ST-MK-004-01-03,SLA-001,,1
STSLA-00536,ST-MK-004-01-03,SLA-002,,2
STSLA-00537,ST-MK-004-01-04,SLA-001,,1
STSLA-00538,ST-MK-004-01-04,SLA-002,,2
STSLA-00539,ST-MK-005-01-01,SLA-001,,1
STSLA-00540,ST-MK-005-01-01,SLA-002,,2
STSLA-00541,ST-MK-005-01-02,SLA-001,,1
STSLA-00542,ST-MK-005-01-02,SLA-002,,2
STSLA-00543,ST-MK-005-01-03,SLA-001,,1
STSLA-00544,ST-MK-005-01-03,SLA-002,,2
STSLA-00545,ST-MK-005-01-04,SLA-001,,1
STSLA-00546,ST-MK-005-01-04,SLA-002,,2
STSLA-00547,ST-MK-006-01-01,SLA-001,,1
STSLA-00548,ST-MK-006-01-01,SLA-002,,2
STSLA-00549,ST-MK-006-01-02,SLA-001,,1
STSLA-00550,ST-MK-006-01-02,SLA-002,,2
STSLA-00551,ST-MK-006-01-03,SLA-001,,1
STSLA-00552,ST-MK-006-01-03,SLA-002,,2
STSLA-00553,ST-MK-006-01-04,SLA-001,,1
STSLA-00554,ST-MK-006-01-04,SLA-002,,2
STSLA-00555,ST-MK-006-01-05,SLA-001,,1
STSLA-00556,ST-MK-006-01-05,SLA-002,,2
STSLA-00557,ST-MK-006-01-06,SLA-001,,1
STSLA-00558,ST-MK-006-01-06,SLA-002,,2
STSLA-00559,ST-MK-006-01-07,SLA-001,,1
STSLA-00560,ST-MK-006-01-07,SLA-002,,2
STSLA-00561,ST-MK-007-01-01,SLA-001,,1
STSLA-00562,ST-MK-007-01-01,SLA-002,,2
STSLA-00563,ST-MK-007-01-02,SLA-001,,1
STSLA-00564,ST-MK-007-01-02,SLA-002,,2
STSLA-00565,ST-MK-007-01-03,SLA-001,,1
STSLA-00566,ST-MK-007-01-03,SLA-002,,2
STSLA-00567,ST-MK-007-01-04,SLA-001,,1
STSLA-00568,ST-MK-007-01-04,SLA-002,,2
STSLA-00569,ST-MK-007-01-05,SLA-001,,1
STSLA-00570,ST-MK-007-01-05,SLA-002,,2
STSLA-00571,ST-MK-007-01-06,SLA-001,,1
STSLA-00572,ST-MK-007-01-06,SLA-002,,2
STSLA-00573,ST-MK-008-01-01,SLA-001,,1
STSLA-00574,ST-MK-008-01-01,SLA-002,,2
STSLA-00575,ST-MK-008-01-02,SLA-001,,1
STSLA-00576,ST-MK-008-01-02,SLA-002,,2
STSLA-00577,ST-MK-009-01-01,SLA-001,,1
STSLA-00578,ST-MK-009-01-01,SLA-002,,2
STSLA-00579,ST-MK-009-01-02,SLA-001,,1
STSLA-00580,ST-MK-009-01-02,SLA-002,,2
STSLA-00581,ST-MK-010-01-01,SLA-001,,1
STSLA-00582,ST-MK-010-01-01,SLA-002,,2
STSLA-00583,ST-MK-010-01-02,SLA-001,,1
STSLA-00584,ST-MK-010-01-02,SLA-002,,2
STSLA-00585,ST-MK-010-01-03,SLA-001,,1
STSLA-00586,ST-MK-010-01-03,SLA-002,,2
STSLA-00587,ST-MK-010-01-04,SLA-001,,1
STSLA-00588,ST-MK-010-01-04,SLA-002,,2
STSLA-00589,ST-RC-001-01-01,SLA-001,,1
STSLA-00590,ST-RC-001-01-01,SLA-002,,2
STSLA-00591,ST-RC-001-01-02,SLA-001,,1
STSLA-00592,ST-RC-001-01-02,SLA-002,,2
STSLA-00593,ST-RC-002-01-01,SLA-001,,1
STSLA-00594,ST-RC-002-01-01,SLA-002,,2
STSLA-00595,ST-RC-002-01-02,SLA-001,,1
STSLA-00596,ST-RC-002-01-02,SLA-002,,2
STSLA-00597,ST-RC-002-01-03,SLA-001,,1
STSLA-00598,ST-RC-002-01-03,SLA-002,,2
STSLA-00599,ST-RC-002-01-04,SLA-001,,1
STSLA-00600,ST-RC-002-01-04,SLA-002,,2
STSLA-00601,ST-RC-003-01-01,SLA-001,,1
STSLA-00602,ST-RC-003-01-01,SLA-002,,2
STSLA-00603,ST-RC-003-01-02,SLA-001,,1
STSLA-00604,ST-RC-003-01-02,SLA-002,,2
STSLA-00605,ST-RC-003-01-03,SLA-001,,1
STSLA-00606,ST-RC-003-01-03,SLA-002,,2
STSLA-00607,ST-RC-003-01-04,SLA-001,,1
STSLA-00608,ST-RC-003-01-04,SLA-002,,2
STSLA-00609,ST-RC-004-01-01,SLA-001,,1
STSLA-00610,ST-RC-004-01-01,SLA-002,,2
STSLA-00611,ST-RC-004-01-02,SLA-001,,1
STSLA-00612,ST-RC-004-01-02,SLA-002,,2
STSLA-00613,ST-RC-005-01-01,SLA-001,,1
STSLA-00614,ST-RC-005-01-01,SLA-002,,2
STSLA-00615,ST-RC-005-01-02,SLA-001,,1
STSLA-00616,ST-RC-005-01-02,SLA-002,,2
STSLA-00617,ST-RC-005-01-03,SLA-001,,1
STSLA-00618,ST-RC-005-01-03,SLA-002,,2
STSLA-00619,ST-RC-005-01-04,SLA-001,,1
STSLA-00620,ST-RC-005-01-04,SLA-002,,2
STSLA-00621,ST-RC-006-01-01,SLA-001,,1
STSLA-00622,ST-RC-006-01-01,SLA-002,,2
STSLA-00623,ST-RC-006-01-02,SLA-001,,1
STSLA-00624,ST-RC-006-01-02,SLA-002,,2
STSLA-00625,ST-RC-007-01-01,SLA-001,,1
STSLA-00626,ST-RC-007-01-01,SLA-002,,2
STSLA-00627,ST-RC-007-01-02,SLA-001,,1
STSLA-00628,ST-RC-007-01-02,SLA-002,,2
STSLA-00629,ST-RC-007-01-03,SLA-001,,1
STSLA-00630,ST-RC-007-01-03,SLA-002,,2
STSLA-00631,ST-RC-007-01-04,SLA-001,,1
STSLA-00632,ST-RC-007-01-04,SLA-002,,2
STSLA-00633,ST-RC-007-01-05,SLA-001,,1
STSLA-00634,ST-RC-007-01-05,SLA-002,,2
STSLA-00635,ST-RC-008-01-01,SLA-001,,1
STSLA-00636,ST-RC-008-01-01,SLA-002,,2
STSLA-00637,ST-RC-008-01-02,SLA-001,,1
STSLA-00638,ST-RC-008-01-02,SLA-002,,2
STSLA-00639,ST-RC-008-01-03,SLA-001,,1
STSLA-00640,ST-RC-008-01-03,SLA-002,,2
STSLA-00641,ST-RC-008-01-04,SLA-001,,1
STSLA-00642,ST-RC-008-01-04,SLA-002,,2
STSLA-00643,ST-RC-008-01-05,SLA-001,,1
STSLA-00644,ST-RC-008-01-05,SLA-002,,2
STSLA-00645,ST-RC-008-01-06,SLA-001,,1
STSLA-00646,ST-RC-008-01-06,SLA-002,,2
STSLA-00647,ST-RC-008-01-07,SLA-001,,1
STSLA-00648,ST-RC-008-01-07,SLA-002,,2
STSLA-00649,ST-RC-008-01-08,SLA-001,,1
STSLA-00650,ST-RC-008-01-08,SLA-002,,2
STSLA-00651,ST-RC-008-01-09,SLA-001,,1
STSLA-00652,ST-RC-008-01-09,SLA-002,,2
STSLA-00653,ST-RC-008-01-10,SLA-001,,1
STSLA-00654,ST-RC-008-01-10,SLA-002,,2
STSLA-00655,ST-RC-009-01-01,SLA-001,,1
STSLA-00656,ST-RC-009-01-01,SLA-002,,2
STSLA-00657,ST-RC-009-01-02,SLA-001,,1
STSLA-00658,ST-RC-009-01-02,SLA-002,,2
STSLA-00659,ST-RC-009-01-03,SLA-001,,1
STSLA-00660,ST-RC-009-01-03,SLA-002,,2
STSLA-00661,ST-RC-009-01-04,SLA-001,,1
STSLA-00662,ST-RC-009-01-04,SLA-002,,2
STSLA-00663,ST-RC-009-01-05,SLA-001,,1
STSLA-00664,ST-RC-009-01-05,SLA-002,,2
STSLA-00665,ST-RC-010-01-01,SLA-001,,1
STSLA-00666,ST-RC-010-01-01,SLA-002,,2
STSLA-00667,ST-RC-010-01-02,SLA-001,,1
STSLA-00668,ST-RC-010-01-02,SLA-002,,2
STSLA-00669,ST-RC-010-01-03,SLA-001,,1
STSLA-00670,ST-RC-010-01-03,SLA-002,,2
STSLA-00671,ST-RC-010-01-04,SLA-001,,1
STSLA-00672,ST-RC-010-01-04,SLA-002,,2
STSLA-00673,ST-RC-010-01-05,SLA-001,,1
STSLA-00674,ST-RC-010-01-05,SLA-002,,2
STSLA-00675,ST-SC-001-01-01,SLA-001,,1
STSLA-00676,ST-SC-001-01-01,SLA-002,,2
STSLA-00677,ST-SC-001-01-02,SLA-001,,1
STSLA-00678,ST-SC-001-01-02,SLA-002,,2
STSLA-00679,ST-SC-001-01-03,SLA-001,,1
STSLA-00680,ST-SC-001-01-03,SLA-002,,2
STSLA-00681,ST-SC-001-01-04,SLA-001,,1
STSLA-00682,ST-SC-001-01-04,SLA-002,,2
STSLA-00683,ST-SC-001-01-05,SLA-001,,1
STSLA-00684,ST-SC-001-01-05,SLA-002,,2
STSLA-00685,ST-SC-001-01-06,SLA-001,,1
STSLA-00686,ST-SC-001-01-06,SLA-002,,2
STSLA-00687,ST-SC-002-01-01,SLA-001,,1
STSLA-00688,ST-SC-002-01-01,SLA-002,,2
STSLA-00689,ST-SC-002-01-02,SLA-001,,1
STSLA-00690,ST-SC-002-01-02,SLA-002,,2
STSLA-00691,ST-SC-002-01-03,SLA-001,,1
STSLA-00692,ST-SC-002-01-03,SLA-002,,2
STSLA-00693,ST-SC-002-01-04,SLA-001,,1
STSLA-00694,ST-SC-002-01-04,SLA-002,,2
STSLA-00695,ST-SC-003-01-01,SLA-001,,1
STSLA-00696,ST-SC-003-01-01,SLA-002,,2
STSLA-00697,ST-SC-003-01-02,SLA-001,,1
STSLA-00698,ST-SC-003-01-02,SLA-002,,2
STSLA-00699,ST-SC-004-01-01,SLA-001,,1
STSLA-00700,ST-SC-004-01-01,SLA-002,,2
STSLA-00701,ST-SC-004-01-02,SLA-001,,1
STSLA-00702,ST-SC-004-01-02,SLA-002,,2
STSLA-00703,ST-SC-004-01-03,SLA-001,,1
STSLA-00704,ST-SC-004-01-03,SLA-002,,2
STSLA-00705,ST-SC-004-01-04,SLA-001,,1
STSLA-00706,ST-SC-004-01-04,SLA-002,,2
STSLA-00707,ST-SC-005-01-01,SLA-001,,1
STSLA-00708,ST-SC-005-01-01,SLA-002,,2
STSLA-00709,ST-SC-005-01-02,SLA-001,,1
STSLA-00710,ST-SC-005-01-02,SLA-002,,2
STSLA-00711,ST-SC-005-01-03,SLA-001,,1
STSLA-00712,ST-SC-005-01-03,SLA-002,,2
STSLA-00713,ST-SC-005-01-04,SLA-001,,1
STSLA-00714,ST-SC-005-01-04,SLA-002,,2
STSLA-00715,ST-SC-006-01-01,SLA-001,,1
STSLA-00716,ST-SC-006-01-01,SLA-002,,2
STSLA-00717,ST-SC-006-01-02,SLA-001,,1
STSLA-00718,ST-SC-006-01-02,SLA-002,,2
STSLA-00719,ST-SC-006-01-03,SLA-001,,1
STSLA-00720,ST-SC-006-01-03,SLA-002,,2
STSLA-00721,ST-SC-006-01-04,SLA-001,,1
STSLA-00722,ST-SC-006-01-04,SLA-002,,2
STSLA-00723,ST-SC-006-01-05,SLA-001,,1
STSLA-00724,ST-SC-006-01-05,SLA-002,,2
STSLA-00725,ST-SC-006-01-06,SLA-001,,1
STSLA-00726,ST-SC-006-01-06,SLA-002,,2
STSLA-00727,ST-SC-007-01-01,SLA-001,,1
STSLA-00728,ST-SC-007-01-01,SLA-002,,2
STSLA-00729,ST-SC-007-01-02,SLA-001,,1
STSLA-00730,ST-SC-007-01-02,SLA-002,,2
STSLA-00731,ST-SC-007-01-03,SLA-001,,1
STSLA-00732,ST-SC-007-01-03,SLA-002,,2
STSLA-00733,ST-SC-007-01-04,SLA-001,,1
STSLA-00734,ST-SC-007-01-04,SLA-002,,2
STSLA-00735,ST-SC-007-01-05,SLA-001,,1
STSLA-00736,ST-SC-007-01-05,SLA-002,,2
STSLA-00737,ST-SC-007-01-06,SLA-001,,1
STSLA-00738,ST-SC-007-01-06,SLA-002,,2
STSLA-00739,ST-SC-008-01-01,SLA-001,,1
STSLA-00740,ST-SC-008-01-01,SLA-002,,2
STSLA-00741,ST-SC-008-01-02,SLA-001,,1
STSLA-00742,ST-SC-008-01-02,SLA-002,,2
STSLA-00743,ST-SC-008-01-03,SLA-001,,1
STSLA-00744,ST-SC-008-01-03,SLA-002,,2
STSLA-00745,ST-SC-008-01-04,SLA-001,,1
STSLA-00746,ST-SC-008-01-04,SLA-002,,2
STSLA-00747,ST-SC-008-01-05,SLA-001,,1
STSLA-00748,ST-SC-008-01-05,SLA-002,,2
STSLA-00749,ST-SC-008-01-06,SLA-001,,1
STSLA-00750,ST-SC-008-01-06,SLA-002,,2
STSLA-00751,ST-SC-008-01-07,SLA-001,,1
STSLA-00752,ST-SC-008-01-07,SLA-002,,2
STSLA-00753,ST-SC-009-01-01,SLA-001,,1
STSLA-00754,ST-SC-009-01-01,SLA-002,,2
STSLA-00755,ST-SC-009-01-02,SLA-001,,1
STSLA-00756,ST-SC-009-01-02,SLA-002,,2
STSLA-00757,ST-SC-010-01-01,SLA-001,,1
STSLA-00758,ST-SC-010-01-01,SLA-002,,2
STSLA-00759,ST-SC-010-01-02,SLA-001,,1
STSLA-00760,ST-SC-010-01-02,SLA-002,,2
STSLA-00761,ST-SC-010-01-03,SLA-001,,1
STSLA-00762,ST-SC-010-01-03,SLA-002,,2
STSLA-00763,ST-SC-010-01-04,SLA-001,,1
STSLA-00764,ST-SC-010-01-04,SLA-002,,2
STSLA-00765,ST-SC-011-01-01,SLA-001,,1
STSLA-00766,ST-SC-011-01-01,SLA-002,,2
STSLA-00767,ST-SC-011-01-02,SLA-001,,1
STSLA-00768,ST-SC-011-01-02,SLA-002,,2
STSLA-00769,ST-SC-012-01-01,SLA-001,,1
STSLA-00770,ST-SC-012-01-01,SLA-002,,2
STSLA-00771,ST-SC-012-01-02,SLA-001,,1
STSLA-00772,ST-SC-012-01-02,SLA-002,,2
STSLA-00773,ST-SC-013-01-01,SLA-001,,1
STSLA-00774,ST-SC-013-01-01,SLA-002,,2
STSLA-00775,ST-SC-013-01-02,SLA-001,,1
STSLA-00776,ST-SC-013-01-02,SLA-002,,2
STSLA-00777,ST-SC-013-01-03,SLA-001,,1
STSLA-00778,ST-SC-013-01-03,SLA-002,,2
STSLA-00779,ST-SC-013-01-04,SLA-001,,1
STSLA-00780,ST-SC-013-01-04,SLA-002,,2
STSLA-00781,ST-SC-014-01-01,SLA-001,,1
STSLA-00782,ST-SC-014-01-01,SLA-002,,2
STSLA-00783,ST-SC-014-01-02,SLA-001,,1
STSLA-00784,ST-SC-014-01-02,SLA-002,,2
STSLA-00785,ST-SC-014-01-03,SLA-001,,1
STSLA-00786,ST-SC-014-01-03,SLA-002,,2
STSLA-00787,ST-SC-014-01-04,SLA-001,,1
STSLA-00788,ST-SC-014-01-04,SLA-002,,2
STSLA-00789,ST-SC-015-01-01,SLA-001,,1
STSLA-00790,ST-SC-015-01-01,SLA-002,,2
STSLA-00791,ST-SC-015-01-02,SLA-001,,1
STSLA-00792,ST-SC-015-01-02,SLA-002,,2
STSLA-00793,ST-SC-015-01-03,SLA-001,,1
STSLA-00794,ST-SC-015-01-03,SLA-002,,2
STSLA-00795,ST-SC-015-01-04,SLA-001,,1
STSLA-00796,ST-SC-015-01-04,SLA-002,,2
STSLA-00797,ST-SC-015-01-05,SLA-001,,1
STSLA-00798,ST-SC-015-01-05,SLA-002,,2
STSLA-00799,ST-SC-015-01-06,SLA-001,,1
STSLA-00800,ST-SC-015-01-06,SLA-002,,2
STSLA-00801,ST-SC-015-01-07,SLA-001,,1
STSLA-00802,ST-SC-015-01-07,SLA-002,,2
STSLA-00803,ST-SC-016-01-01,SLA-001,,1
STSLA-00804,ST-SC-016-01-01,SLA-002,,2
STSLA-00805,ST-SC-016-01-02,SLA-001,,1
STSLA-00806,ST-SC-016-01-02,SLA-002,,2
STSLA-00807,ST-SC-017-01-01,SLA-001,,1
STSLA-00808,ST-SC-017-01-01,SLA-002,,2
STSLA-00809,ST-SC-017-01-02,SLA-001,,1
STSLA-00810,ST-SC-017-01-02,SLA-002,,2
STSLA-00811,ST-SC-018-01-01,SLA-001,,1
STSLA-00812,ST-SC-018-01-01,SLA-002,,2
STSLA-00813,ST-SC-018-01-02,SLA-001,,1
STSLA-00814,ST-SC-018-01-02,SLA-002,,2
STSLA-00815,ST-SC-019-01-01,SLA-001,,1
STSLA-00816,ST-SC-019-01-01,SLA-002,,2
STSLA-00817,ST-SC-019-01-02,SLA-001,,1
STSLA-00818,ST-SC-019-01-02,SLA-002,,2
STSLA-00819,ST-SC-019-01-03,SLA-001,,1
STSLA-00820,ST-SC-019-01-03,SLA-002,,2
STSLA-00821,ST-SC-019-01-04,SLA-001,,1
STSLA-00822,ST-SC-019-01-04,SLA-002,,2
STSLA-00823,ST-SC-019-01-05,SLA-001,,1
STSLA-00824,ST-SC-019-01-05,SLA-002,,2
STSLA-00825,ST-SC-019-01-06,SLA-001,,1
STSLA-00826,ST-SC-019-01-06,SLA-002,,2
STSLA-00827,ST-SC-019-01-07,SLA-001,,1
STSLA-00828,ST-SC-019-01-07,SLA-002,,2
